frame,args,prf Extensions,prf Tight,prf Rejected Arguments,prf Implicit Conflicts,prf Implicit Conflicts not Rejected,sem Extensions,sem Tight,sem Rejected Arguments,sem Implicit Conflicts,sem Implicit Conflicts not Rejected
exp1/BA_0.66/BA_0.66_1.apx,	51,432,True,6,260,1,432,True,6,260,1
exp1/BA_0.66/BA_0.66_40.apx,	51,720,True,2,86,5,720,True,2,86,5
exp1/BA_0.66/BA_0.66_22.apx,	51,200,True,3,133,4,200,True,3,133,4
exp1/BA_0.66/BA_0.66_26.apx,	51,3840,True,2,89,1,3840,True,2,89,1
exp1/BA_0.66/BA_0.66_29.apx,	51,640,True,5,211,0,640,True,5,211,0
exp1/BA_0.66/BA_0.66_16.apx,	51,108,True,3,136,6,108,True,3,136,6
exp1/BA_0.66/BA_0.66_24.apx,	51,960,True,4,166,0,960,True,4,166,0
exp1/BA_0.66/BA_0.66_19.apx,	51,1104,True,5,223,5,1104,True,5,223,5
exp1/BA_0.66/BA_0.66_4.apx,	51,744,True,4,177,0,744,True,4,177,0
exp1/BA_0.66/BA_0.66_34.apx,	51,512,True,3,144,11,512,True,3,144,11
exp1/BA_0.66/BA_0.66_5.apx,	51,1800,True,3,137,6,1800,True,3,137,6
exp1/BA_0.66/BA_0.66_37.apx,	51,480,True,4,168,0,480,True,4,168,0
exp1/BA_0.66/BA_0.66_27.apx,	51,30,True,5,261,43,30,True,5,261,43
exp1/BA_0.66/BA_0.66_39.apx,	51,416,True,8,345,0,416,True,8,345,0
exp1/BA_0.66/BA_0.66_33.apx,	51,564,True,3,136,1,564,True,3,136,1
exp1/BA_0.66/BA_0.66_38.apx,	51,152,True,4,191,14,152,True,4,191,14
exp1/BA_0.66/BA_0.66_2.apx,	51,680,True,4,178,3,680,True,4,178,3
exp1/BA_0.66/BA_0.66_8.apx,	51,320,True,5,213,1,320,True,5,213,1
exp1/BA_0.66/BA_0.66_12.apx,	51,324,True,4,172,1,324,True,4,172,1
exp1/BA_0.66/BA_0.66_14.apx,	51,352,True,6,266,1,352,True,6,266,1
exp1/BA_0.66/BA_0.66_9.apx,	51,768,True,4,171,0,768,True,4,171,0
exp1/BA_0.66/BA_0.66_30.apx,	51,640,True,5,212,0,640,True,5,212,0
exp1/BA_0.66/BA_0.66_32.apx,	51,192,True,8,336,0,192,True,8,336,0
exp1/BA_0.66/BA_0.66_10.apx,	51,64,True,6,252,2,64,True,6,252,2
exp1/BA_0.66/BA_0.66_20.apx,	51,288,True,5,212,3,288,True,5,212,3
exp1/BA_0.66/BA_0.66_31.apx,	51,72,True,7,301,0,72,True,7,301,0
exp1/BA_0.66/BA_0.66_23.apx,	51,256,True,6,248,0,256,True,6,248,0
exp1/BA_0.66/BA_0.66_18.apx,	51,528,True,4,179,0,528,True,4,179,0
exp1/BA_0.66/BA_0.66_6.apx,	51,624,True,6,262,0,624,True,6,262,0
exp1/BA_0.66/BA_0.66_36.apx,	51,1280,True,5,215,2,1280,True,5,215,2
exp1/BA_0.66/BA_0.66_28.apx,	51,144,True,8,340,1,144,True,8,340,1
exp1/BA_0.66/BA_0.66_3.apx,	51,384,True,6,247,0,384,True,6,247,0
exp1/BA_0.66/BA_0.66_21.apx,	51,640,True,5,214,0,640,True,5,214,0
exp1/BA_0.66/BA_0.66_17.apx,	51,64,True,4,167,0,64,True,4,167,0
exp1/BA_0.66/BA_0.66_13.apx,	51,486,True,2,92,9,486,True,2,92,9
exp1/BA_0.66/BA_0.66_25.apx,	51,480,True,5,207,0,480,True,5,207,0
exp1/BA_0.66/BA_0.66_7.apx,	51,778,True,4,188,11,778,True,4,188,11
exp1/BA_0.66/BA_0.66_11.apx,	51,192,True,8,337,0,192,True,8,337,0
exp1/BA_0.66/BA_0.66_15.apx,	51,352,True,5,217,4,352,True,5,217,4
exp1/BA_0.66/BA_0.66_35.apx,	51,780,True,5,217,1,780,True,5,217,1
exp1/WS_30_0.33/WS_30_0.33_27.apx,	50,1,True,50,475,0,1,True,50,475,0
exp1/WS_30_0.33/WS_30_0.33_10.apx,	50,1,True,50,475,0,1,True,50,475,0
exp1/WS_30_0.33/WS_30_0.33_30.apx,	50,1,True,50,475,0,1,True,50,475,0
exp1/WS_30_0.33/WS_30_0.33_11.apx,	50,1,True,50,475,0,1,True,50,475,0
exp1/WS_30_0.33/WS_30_0.33_5.apx,	50,1,True,50,475,0,1,True,50,475,0
exp1/WS_30_0.33/WS_30_0.33_26.apx,	50,1,True,50,475,0,1,True,50,475,0
exp1/WS_30_0.33/WS_30_0.33_8.apx,	50,1,True,50,475,0,1,True,50,475,0
exp1/WS_30_0.33/WS_30_0.33_14.apx,	50,1,True,50,475,0,1,True,50,475,0
exp1/WS_30_0.33/WS_30_0.33_35.apx,	50,1,True,50,475,0,1,True,50,475,0
exp1/WS_30_0.33/WS_30_0.33_1.apx,	50,1,True,50,475,0,1,True,50,475,0
exp1/WS_30_0.33/WS_30_0.33_9.apx,	50,1,True,50,475,0,1,True,50,475,0
exp1/WS_30_0.33/WS_30_0.33_4.apx,	50,1,True,50,475,0,1,True,50,475,0
exp1/WS_30_0.33/WS_30_0.33_20.apx,	50,1,True,44,460,0,1,True,44,460,0
exp1/WS_30_0.33/WS_30_0.33_21.apx,	50,1,True,50,475,0,1,True,50,475,0
exp1/WS_30_0.33/WS_30_0.33_22.apx,	50,1,True,50,475,0,1,True,50,475,0
exp1/WS_30_0.33/WS_30_0.33_34.apx,	50,1,True,50,475,0,1,True,50,475,0
exp1/WS_30_0.33/WS_30_0.33_36.apx,	50,1,True,50,475,0,1,True,50,475,0
exp1/WS_30_0.33/WS_30_0.33_12.apx,	50,1,True,50,475,0,1,True,50,475,0
exp1/WS_30_0.33/WS_30_0.33_7.apx,	50,1,True,50,475,0,1,True,50,475,0
exp1/WS_30_0.33/WS_30_0.33_32.apx,	50,1,True,50,475,0,1,True,50,475,0
exp1/WS_30_0.33/WS_30_0.33_28.apx,	50,1,True,50,475,0,1,True,50,475,0
exp1/WS_30_0.33/WS_30_0.33_2.apx,	50,1,True,50,475,0,1,True,50,475,0
exp1/WS_30_0.33/WS_30_0.33_31.apx,	50,1,True,50,475,0,1,True,50,475,0
exp1/WS_30_0.33/WS_30_0.33_40.apx,	50,1,True,50,475,0,1,True,50,475,0
exp1/WS_30_0.33/WS_30_0.33_24.apx,	50,1,True,50,475,0,1,True,50,475,0
exp1/WS_30_0.33/WS_30_0.33_38.apx,	50,1,True,50,475,0,1,True,50,475,0
exp1/WS_30_0.33/WS_30_0.33_13.apx,	50,1,True,50,475,0,1,True,50,475,0
exp1/WS_30_0.33/WS_30_0.33_17.apx,	50,1,True,50,475,0,1,True,50,475,0
exp1/WS_30_0.33/WS_30_0.33_39.apx,	50,1,True,50,475,0,1,True,50,475,0
exp1/WS_30_0.33/WS_30_0.33_6.apx,	50,1,True,50,475,0,1,True,50,475,0
exp1/WS_30_0.33/WS_30_0.33_3.apx,	50,1,True,50,475,0,1,True,50,475,0
exp1/WS_30_0.33/WS_30_0.33_37.apx,	50,1,True,50,475,0,1,True,50,475,0
exp1/WS_30_0.33/WS_30_0.33_16.apx,	50,1,True,50,475,0,1,True,50,475,0
exp1/WS_30_0.33/WS_30_0.33_19.apx,	50,1,True,50,475,0,1,True,50,475,0
exp1/WS_30_0.33/WS_30_0.33_15.apx,	50,1,True,50,475,0,1,True,50,475,0
exp1/WS_30_0.33/WS_30_0.33_25.apx,	50,1,True,50,475,0,1,True,50,475,0
exp1/WS_30_0.33/WS_30_0.33_23.apx,	50,1,True,50,475,0,1,True,50,475,0
exp1/WS_30_0.33/WS_30_0.33_18.apx,	50,1,True,50,475,0,1,True,50,475,0
exp1/WS_30_0.33/WS_30_0.33_29.apx,	50,1,True,50,475,0,1,True,50,475,0
exp1/WS_30_0.33/WS_30_0.33_33.apx,	50,1,True,50,475,0,1,True,50,475,0
exp1/ER_0.5/ER_0.5_2.apx,	51,1,True,51,658,0,1,True,51,658,0
exp1/ER_0.5/ER_0.5_36.apx,	51,1,True,51,642,0,1,True,51,642,0
exp1/ER_0.5/ER_0.5_16.apx,	51,1,True,51,640,0,1,True,51,640,0
exp1/ER_0.5/ER_0.5_8.apx,	51,1,True,44,617,0,1,True,44,617,0
exp1/ER_0.5/ER_0.5_27.apx,	51,1,True,51,657,0,1,True,51,657,0
exp1/ER_0.5/ER_0.5_25.apx,	51,1,True,45,648,0,1,True,45,648,0
exp1/ER_0.5/ER_0.5_18.apx,	51,1,True,51,614,0,1,True,51,614,0
exp1/ER_0.5/ER_0.5_33.apx,	51,1,True,51,635,0,1,True,51,635,0
exp1/ER_0.5/ER_0.5_22.apx,	51,1,True,45,635,0,1,True,45,635,0
exp1/ER_0.5/ER_0.5_10.apx,	51,1,True,51,619,0,1,True,51,619,0
exp1/ER_0.5/ER_0.5_12.apx,	51,1,True,51,642,0,1,True,51,642,0
exp1/ER_0.5/ER_0.5_38.apx,	51,1,True,43,641,0,1,True,43,641,0
exp1/ER_0.5/ER_0.5_13.apx,	51,1,True,51,664,0,1,True,51,664,0
exp1/ER_0.5/ER_0.5_30.apx,	51,1,True,51,626,0,1,True,51,626,0
exp1/ER_0.5/ER_0.5_35.apx,	51,1,True,51,622,0,1,True,51,622,0
exp1/ER_0.5/ER_0.5_31.apx,	51,1,True,51,667,0,1,True,51,667,0
exp1/ER_0.5/ER_0.5_19.apx,	51,1,True,51,624,0,1,True,51,624,0
exp1/ER_0.5/ER_0.5_11.apx,	51,1,True,51,629,0,1,True,51,629,0
exp1/ER_0.5/ER_0.5_14.apx,	51,1,True,51,597,0,1,True,51,597,0
exp1/ER_0.5/ER_0.5_26.apx,	51,1,True,51,665,0,1,True,51,665,0
exp1/ER_0.5/ER_0.5_3.apx,	51,1,True,51,618,0,1,True,51,618,0
exp1/ER_0.5/ER_0.5_34.apx,	51,1,True,51,649,0,1,True,51,649,0
exp1/ER_0.5/ER_0.5_39.apx,	51,1,True,51,634,0,1,True,51,634,0
exp1/ER_0.5/ER_0.5_20.apx,	51,1,True,44,625,0,1,True,44,625,0
exp1/ER_0.5/ER_0.5_17.apx,	51,1,True,51,641,0,1,True,51,641,0
exp1/ER_0.5/ER_0.5_23.apx,	51,1,True,51,640,0,1,True,51,640,0
exp1/ER_0.5/ER_0.5_32.apx,	51,1,True,51,662,0,1,True,51,662,0
exp1/ER_0.5/ER_0.5_21.apx,	51,1,True,51,652,0,1,True,51,652,0
exp1/ER_0.5/ER_0.5_40.apx,	51,1,True,44,618,0,1,True,44,618,0
exp1/ER_0.5/ER_0.5_6.apx,	51,1,True,46,655,0,1,True,46,655,0
exp1/ER_0.5/ER_0.5_24.apx,	51,1,True,51,656,0,1,True,51,656,0
exp1/ER_0.5/ER_0.5_28.apx,	51,1,True,51,609,0,1,True,51,609,0
exp1/ER_0.5/ER_0.5_1.apx,	51,1,True,51,639,0,1,True,51,639,0
exp1/ER_0.5/ER_0.5_9.apx,	51,1,True,44,607,0,1,True,44,607,0
exp1/ER_0.5/ER_0.5_29.apx,	51,1,True,51,620,0,1,True,51,620,0
exp1/ER_0.5/ER_0.5_37.apx,	51,1,True,51,639,0,1,True,51,639,0
exp1/ER_0.5/ER_0.5_7.apx,	51,1,True,51,619,0,1,True,51,619,0
exp1/ER_0.5/ER_0.5_4.apx,	51,1,True,51,645,0,1,True,51,645,0
exp1/ER_0.5/ER_0.5_5.apx,	51,1,True,51,636,0,1,True,51,636,0
exp1/ER_0.5/ER_0.5_15.apx,	51,1,True,51,659,0,1,True,51,659,0
exp1/WS_4_0.33/WS_4_0.33_36.apx,	50,1,True,37,1047,0,1,True,37,1047,0
exp1/WS_4_0.33/WS_4_0.33_37.apx,	50,1,True,35,1020,0,1,True,35,1020,0
exp1/WS_4_0.33/WS_4_0.33_35.apx,	50,1,True,38,1059,0,1,True,38,1059,0
exp1/WS_4_0.33/WS_4_0.33_5.apx,	50,1,True,32,972,0,1,True,32,972,0
exp1/WS_4_0.33/WS_4_0.33_16.apx,	50,1,True,34,1005,0,1,True,34,1005,0
exp1/WS_4_0.33/WS_4_0.33_18.apx,	50,1,True,35,1020,0,1,True,35,1020,0
exp1/WS_4_0.33/WS_4_0.33_15.apx,	50,1,True,30,935,0,1,True,30,935,0
exp1/WS_4_0.33/WS_4_0.33_19.apx,	50,1,True,43,1104,0,1,True,43,1104,0
exp1/WS_4_0.33/WS_4_0.33_10.apx,	50,1,True,33,989,0,1,True,33,989,0
exp1/WS_4_0.33/WS_4_0.33_21.apx,	50,1,True,34,1005,0,1,True,34,1005,0
exp1/WS_4_0.33/WS_4_0.33_9.apx,	50,1,True,31,954,0,1,True,31,954,0
exp1/WS_4_0.33/WS_4_0.33_28.apx,	50,2,True,28,919,16,1,True,33,989,0
exp1/WS_4_0.33/WS_4_0.33_33.apx,	50,1,True,33,989,0,1,True,33,989,0
exp1/WS_4_0.33/WS_4_0.33_22.apx,	50,1,True,35,1020,0,1,True,35,1020,0
exp1/WS_4_0.33/WS_4_0.33_24.apx,	50,1,True,44,1110,0,1,True,44,1110,0
exp1/WS_4_0.33/WS_4_0.33_38.apx,	50,1,True,35,1020,0,1,True,35,1020,0
exp1/WS_4_0.33/WS_4_0.33_27.apx,	50,1,True,32,972,0,1,True,32,972,0
exp1/WS_4_0.33/WS_4_0.33_6.apx,	50,1,True,46,1119,0,1,True,46,1119,0
exp1/WS_4_0.33/WS_4_0.33_39.apx,	50,1,True,33,989,0,1,True,33,989,0
exp1/WS_4_0.33/WS_4_0.33_26.apx,	50,1,True,46,1119,0,1,True,46,1119,0
exp1/WS_4_0.33/WS_4_0.33_8.apx,	50,1,True,46,1119,0,1,True,46,1119,0
exp1/WS_4_0.33/WS_4_0.33_23.apx,	50,2,True,27,914,29,2,True,27,914,29
exp1/WS_4_0.33/WS_4_0.33_40.apx,	50,1,True,41,1089,0,1,True,41,1089,0
exp1/WS_4_0.33/WS_4_0.33_11.apx,	50,2,True,25,881,40,2,True,25,881,40
exp1/WS_4_0.33/WS_4_0.33_3.apx,	50,2,True,30,957,17,1,True,32,972,0
exp1/WS_4_0.33/WS_4_0.33_7.apx,	50,2,True,28,926,24,1,True,32,972,0
exp1/WS_4_0.33/WS_4_0.33_4.apx,	50,1,True,33,989,0,1,True,33,989,0
exp1/WS_4_0.33/WS_4_0.33_2.apx,	50,1,True,39,1070,0,1,True,39,1070,0
exp1/WS_4_0.33/WS_4_0.33_13.apx,	50,1,True,30,935,0,1,True,30,935,0
exp1/WS_4_0.33/WS_4_0.33_14.apx,	50,1,True,33,989,0,1,True,33,989,0
exp1/WS_4_0.33/WS_4_0.33_17.apx,	50,3,True,21,840,92,3,True,21,840,92
exp1/WS_4_0.33/WS_4_0.33_34.apx,	50,1,True,35,1020,0,1,True,35,1020,0
exp1/WS_4_0.33/WS_4_0.33_31.apx,	50,2,True,28,900,1,2,True,28,900,1
exp1/WS_4_0.33/WS_4_0.33_20.apx,	50,4,True,26,875,12,4,True,26,875,12
exp1/WS_4_0.33/WS_4_0.33_30.apx,	50,1,True,36,1034,0,1,True,36,1034,0
exp1/WS_4_0.33/WS_4_0.33_32.apx,	50,2,True,27,907,22,1,True,32,972,0
exp1/WS_4_0.33/WS_4_0.33_29.apx,	50,1,True,37,1047,0,1,True,37,1047,0
exp1/WS_4_0.33/WS_4_0.33_1.apx,	50,1,True,35,1020,0,1,True,35,1020,0
exp1/WS_4_0.33/WS_4_0.33_25.apx,	50,1,True,38,1059,0,1,True,38,1059,0
exp1/WS_4_0.33/WS_4_0.33_12.apx,	50,1,True,32,972,0,1,True,32,972,0
exp1/WS_10_0.33/WS_10_0.33_40.apx,	50,1,True,50,975,0,1,True,50,975,0
exp1/WS_10_0.33/WS_10_0.33_30.apx,	50,1,True,37,897,0,1,True,37,897,0
exp1/WS_10_0.33/WS_10_0.33_16.apx,	50,1,True,50,975,0,1,True,50,975,0
exp1/WS_10_0.33/WS_10_0.33_11.apx,	50,1,True,50,975,0,1,True,50,975,0
exp1/WS_10_0.33/WS_10_0.33_21.apx,	50,1,True,50,975,0,1,True,50,975,0
exp1/WS_10_0.33/WS_10_0.33_6.apx,	50,1,True,50,975,0,1,True,50,975,0
exp1/WS_10_0.33/WS_10_0.33_3.apx,	50,1,True,50,975,0,1,True,50,975,0
exp1/WS_10_0.33/WS_10_0.33_17.apx,	50,1,True,50,975,0,1,True,50,975,0
exp1/WS_10_0.33/WS_10_0.33_9.apx,	50,1,True,50,975,0,1,True,50,975,0
exp1/WS_10_0.33/WS_10_0.33_29.apx,	50,1,True,38,909,0,1,True,38,909,0
exp1/WS_10_0.33/WS_10_0.33_4.apx,	50,1,True,49,975,0,1,True,49,975,0
exp1/WS_10_0.33/WS_10_0.33_35.apx,	50,1,True,50,975,0,1,True,50,975,0
exp1/WS_10_0.33/WS_10_0.33_24.apx,	50,1,True,39,920,0,1,True,39,920,0
exp1/WS_10_0.33/WS_10_0.33_34.apx,	50,1,True,50,975,0,1,True,50,975,0
exp1/WS_10_0.33/WS_10_0.33_28.apx,	50,1,True,50,975,0,1,True,50,975,0
exp1/WS_10_0.33/WS_10_0.33_31.apx,	50,1,True,39,920,0,1,True,39,920,0
exp1/WS_10_0.33/WS_10_0.33_20.apx,	50,1,True,50,975,0,1,True,50,975,0
exp1/WS_10_0.33/WS_10_0.33_2.apx,	50,1,True,50,975,0,1,True,50,975,0
exp1/WS_10_0.33/WS_10_0.33_26.apx,	50,1,True,50,975,0,1,True,50,975,0
exp1/WS_10_0.33/WS_10_0.33_23.apx,	50,1,True,50,975,0,1,True,50,975,0
exp1/WS_10_0.33/WS_10_0.33_1.apx,	50,2,True,36,890,1,2,True,36,890,1
exp1/WS_10_0.33/WS_10_0.33_15.apx,	50,1,True,50,975,0,1,True,50,975,0
exp1/WS_10_0.33/WS_10_0.33_32.apx,	50,1,True,42,947,0,1,True,42,947,0
exp1/WS_10_0.33/WS_10_0.33_37.apx,	50,1,True,50,975,0,1,True,50,975,0
exp1/WS_10_0.33/WS_10_0.33_27.apx,	50,1,True,46,969,0,1,True,46,969,0
exp1/WS_10_0.33/WS_10_0.33_12.apx,	50,1,True,49,975,0,1,True,49,975,0
exp1/WS_10_0.33/WS_10_0.33_19.apx,	50,1,True,50,975,0,1,True,50,975,0
exp1/WS_10_0.33/WS_10_0.33_25.apx,	50,1,True,50,975,0,1,True,50,975,0
exp1/WS_10_0.33/WS_10_0.33_36.apx,	50,1,True,50,975,0,1,True,50,975,0
exp1/WS_10_0.33/WS_10_0.33_5.apx,	50,1,True,40,930,0,1,True,40,930,0
exp1/WS_10_0.33/WS_10_0.33_13.apx,	50,1,True,45,965,0,1,True,45,965,0
exp1/WS_10_0.33/WS_10_0.33_18.apx,	50,1,True,42,947,0,1,True,42,947,0
exp1/WS_10_0.33/WS_10_0.33_10.apx,	50,1,True,50,975,0,1,True,50,975,0
exp1/WS_10_0.33/WS_10_0.33_8.apx,	50,1,True,49,975,0,1,True,49,975,0
exp1/WS_10_0.33/WS_10_0.33_7.apx,	50,1,True,50,975,0,1,True,50,975,0
exp1/WS_10_0.33/WS_10_0.33_14.apx,	50,1,True,50,975,0,1,True,50,975,0
exp1/WS_10_0.33/WS_10_0.33_39.apx,	50,1,True,50,975,0,1,True,50,975,0
exp1/WS_10_0.33/WS_10_0.33_33.apx,	50,1,True,50,975,0,1,True,50,975,0
exp1/WS_10_0.33/WS_10_0.33_38.apx,	50,1,True,50,975,0,1,True,50,975,0
exp1/WS_10_0.33/WS_10_0.33_22.apx,	50,1,True,50,975,0,1,True,50,975,0
exp1/BA_0.33/BA_0.33_20.apx,	51,18,True,11,481,14,18,True,11,481,14
exp1/BA_0.33/BA_0.33_12.apx,	51,8,True,11,449,0,8,True,11,449,0
exp1/BA_0.33/BA_0.33_33.apx,	51,24,True,9,372,0,24,True,9,372,0
exp1/BA_0.33/BA_0.33_27.apx,	51,48,True,8,336,1,48,True,8,336,1
exp1/BA_0.33/BA_0.33_1.apx,	51,2,True,11,455,4,2,True,11,455,4
exp1/BA_0.33/BA_0.33_21.apx,	51,12,True,9,375,1,12,True,9,375,1
exp1/BA_0.33/BA_0.33_23.apx,	51,12,True,11,450,0,12,True,11,450,0
exp1/BA_0.33/BA_0.33_19.apx,	51,48,True,11,455,0,48,True,11,455,0
exp1/BA_0.33/BA_0.33_6.apx,	51,12,True,11,452,0,12,True,11,452,0
exp1/BA_0.33/BA_0.33_35.apx,	51,108,True,11,462,3,108,True,11,462,3
exp1/BA_0.33/BA_0.33_22.apx,	51,32,True,9,370,0,32,True,9,370,0
exp1/BA_0.33/BA_0.33_4.apx,	51,6,True,11,466,9,6,True,11,466,9
exp1/BA_0.33/BA_0.33_7.apx,	51,6,True,14,569,1,6,True,14,569,1
exp1/BA_0.33/BA_0.33_25.apx,	51,12,True,9,377,4,12,True,9,377,4
exp1/BA_0.33/BA_0.33_29.apx,	51,16,True,9,377,4,16,True,9,377,4
exp1/BA_0.33/BA_0.33_30.apx,	51,8,True,13,525,0,8,True,13,525,0
exp1/BA_0.33/BA_0.33_28.apx,	51,16,True,11,451,0,16,True,11,451,0
exp1/BA_0.33/BA_0.33_9.apx,	51,256,True,6,251,0,256,True,6,251,0
exp1/BA_0.33/BA_0.33_13.apx,	51,32,True,15,608,1,32,True,15,608,1
exp1/BA_0.33/BA_0.33_18.apx,	51,160,True,7,296,1,160,True,7,296,1
exp1/BA_0.33/BA_0.33_3.apx,	51,72,True,7,299,5,72,True,7,299,5
exp1/BA_0.33/BA_0.33_24.apx,	51,4,True,11,447,0,4,True,11,447,0
exp1/BA_0.33/BA_0.33_11.apx,	51,32,True,7,297,5,32,True,7,297,5
exp1/BA_0.33/BA_0.33_5.apx,	51,64,True,8,330,0,64,True,8,330,0
exp1/BA_0.33/BA_0.33_8.apx,	51,48,True,12,493,0,48,True,12,493,0
exp1/BA_0.33/BA_0.33_38.apx,	51,32,True,7,309,11,32,True,7,309,11
exp1/BA_0.33/BA_0.33_26.apx,	51,24,True,10,420,2,24,True,10,420,2
exp1/BA_0.33/BA_0.33_10.apx,	51,80,True,10,431,6,80,True,10,431,6
exp1/BA_0.33/BA_0.33_37.apx,	51,24,True,8,334,2,24,True,8,334,2
exp1/BA_0.33/BA_0.33_14.apx,	51,8,True,11,451,1,8,True,11,451,1
exp1/BA_0.33/BA_0.33_17.apx,	51,24,True,11,455,1,24,True,11,455,1
exp1/BA_0.33/BA_0.33_31.apx,	51,8,True,12,489,0,8,True,12,489,0
exp1/BA_0.33/BA_0.33_40.apx,	51,8,True,10,409,0,8,True,10,409,0
exp1/BA_0.33/BA_0.33_15.apx,	51,12,True,11,456,2,12,True,11,456,2
exp1/BA_0.33/BA_0.33_39.apx,	51,20,True,12,496,0,20,True,12,496,0
exp1/BA_0.33/BA_0.33_32.apx,	51,2,True,12,486,0,2,True,12,486,0
exp1/BA_0.33/BA_0.33_34.apx,	51,160,True,8,351,7,160,True,8,351,7
exp1/BA_0.33/BA_0.33_2.apx,	51,8,True,15,599,0,8,True,15,599,0
exp1/BA_0.33/BA_0.33_36.apx,	51,16,True,14,569,1,16,True,14,569,1
exp1/BA_0.33/BA_0.33_16.apx,	51,16,True,12,489,0,16,True,12,489,0
exp1/ER_0.33/ER_0.33_19.apx,	51,1,True,51,849,0,1,True,51,849,0
exp1/ER_0.33/ER_0.33_12.apx,	51,1,True,51,857,0,1,True,51,857,0
exp1/ER_0.33/ER_0.33_23.apx,	51,1,True,51,873,0,1,True,51,873,0
exp1/ER_0.33/ER_0.33_15.apx,	51,2,True,38,768,4,2,True,38,768,4
exp1/ER_0.33/ER_0.33_29.apx,	51,1,True,51,849,0,1,True,51,849,0
exp1/ER_0.33/ER_0.33_38.apx,	51,1,True,51,878,0,1,True,51,878,0
exp1/ER_0.33/ER_0.33_31.apx,	51,1,True,43,823,0,1,True,43,823,0
exp1/ER_0.33/ER_0.33_32.apx,	51,1,True,51,845,0,1,True,51,845,0
exp1/ER_0.33/ER_0.33_7.apx,	51,1,True,51,849,0,1,True,51,849,0
exp1/ER_0.33/ER_0.33_1.apx,	51,1,True,51,878,0,1,True,51,878,0
exp1/ER_0.33/ER_0.33_8.apx,	51,1,True,51,874,0,1,True,51,874,0
exp1/ER_0.33/ER_0.33_10.apx,	51,1,True,43,805,0,1,True,43,805,0
exp1/ER_0.33/ER_0.33_39.apx,	51,1,True,51,854,0,1,True,51,854,0
exp1/ER_0.33/ER_0.33_26.apx,	51,1,True,51,825,0,1,True,51,825,0
exp1/ER_0.33/ER_0.33_4.apx,	51,1,True,41,836,0,1,True,41,836,0
exp1/ER_0.33/ER_0.33_17.apx,	51,1,True,51,832,0,1,True,51,832,0
exp1/ER_0.33/ER_0.33_37.apx,	51,1,True,41,820,0,1,True,41,820,0
exp1/ER_0.33/ER_0.33_13.apx,	51,1,True,51,850,0,1,True,51,850,0
exp1/ER_0.33/ER_0.33_21.apx,	51,1,True,41,824,0,1,True,41,824,0
exp1/ER_0.33/ER_0.33_9.apx,	51,1,True,43,832,0,1,True,43,832,0
exp1/ER_0.33/ER_0.33_33.apx,	51,1,True,51,876,0,1,True,51,876,0
exp1/ER_0.33/ER_0.33_6.apx,	51,1,True,51,837,0,1,True,51,837,0
exp1/ER_0.33/ER_0.33_35.apx,	51,1,True,51,882,0,1,True,51,882,0
exp1/ER_0.33/ER_0.33_14.apx,	51,1,True,42,791,0,1,True,42,791,0
exp1/ER_0.33/ER_0.33_3.apx,	51,1,True,51,869,0,1,True,51,869,0
exp1/ER_0.33/ER_0.33_18.apx,	51,1,True,51,843,0,1,True,51,843,0
exp1/ER_0.33/ER_0.33_28.apx,	51,1,True,43,833,0,1,True,43,833,0
exp1/ER_0.33/ER_0.33_5.apx,	51,1,True,41,820,0,1,True,41,820,0
exp1/ER_0.33/ER_0.33_11.apx,	51,1,True,51,859,0,1,True,51,859,0
exp1/ER_0.33/ER_0.33_30.apx,	51,1,True,40,788,0,1,True,40,788,0
exp1/ER_0.33/ER_0.33_20.apx,	51,1,True,51,850,0,1,True,51,850,0
exp1/ER_0.33/ER_0.33_34.apx,	51,1,True,51,856,0,1,True,51,856,0
exp1/ER_0.33/ER_0.33_25.apx,	51,1,True,51,853,0,1,True,51,853,0
exp1/ER_0.33/ER_0.33_16.apx,	51,1,True,42,804,0,1,True,42,804,0
exp1/ER_0.33/ER_0.33_40.apx,	51,1,True,51,834,0,1,True,51,834,0
exp1/ER_0.33/ER_0.33_27.apx,	51,1,True,51,861,0,1,True,51,861,0
exp1/ER_0.33/ER_0.33_36.apx,	51,1,True,44,837,0,1,True,44,837,0
exp1/ER_0.33/ER_0.33_22.apx,	51,1,True,51,870,0,1,True,51,870,0
exp1/ER_0.33/ER_0.33_24.apx,	51,1,True,42,812,0,1,True,42,812,0
exp1/ER_0.33/ER_0.33_2.apx,	51,1,True,51,852,0,1,True,51,852,0
exp1/ER_0.66/ER_0.66_7.apx,	51,1,True,51,424,0,1,True,51,424,0
exp1/ER_0.66/ER_0.66_16.apx,	51,1,True,51,438,0,1,True,51,438,0
exp1/ER_0.66/ER_0.66_9.apx,	51,1,True,51,420,0,1,True,51,420,0
exp1/ER_0.66/ER_0.66_30.apx,	51,1,True,51,444,0,1,True,51,444,0
exp1/ER_0.66/ER_0.66_36.apx,	51,1,True,51,421,0,1,True,51,421,0
exp1/ER_0.66/ER_0.66_20.apx,	51,1,True,51,427,0,1,True,51,427,0
exp1/ER_0.66/ER_0.66_39.apx,	51,1,True,51,404,0,1,True,51,404,0
exp1/ER_0.66/ER_0.66_18.apx,	51,1,True,51,410,0,1,True,51,410,0
exp1/ER_0.66/ER_0.66_13.apx,	51,1,True,46,426,0,1,True,46,426,0
exp1/ER_0.66/ER_0.66_17.apx,	51,1,True,51,404,0,1,True,51,404,0
exp1/ER_0.66/ER_0.66_3.apx,	51,1,True,51,412,0,1,True,51,412,0
exp1/ER_0.66/ER_0.66_22.apx,	51,1,True,51,469,0,1,True,51,469,0
exp1/ER_0.66/ER_0.66_37.apx,	51,1,True,51,433,0,1,True,51,433,0
exp1/ER_0.66/ER_0.66_21.apx,	51,1,True,51,410,0,1,True,51,410,0
exp1/ER_0.66/ER_0.66_15.apx,	51,1,True,51,450,0,1,True,51,450,0
exp1/ER_0.66/ER_0.66_14.apx,	51,1,True,51,459,0,1,True,51,459,0
exp1/ER_0.66/ER_0.66_26.apx,	51,1,True,51,451,0,1,True,51,451,0
exp1/ER_0.66/ER_0.66_24.apx,	51,1,True,51,450,0,1,True,51,450,0
exp1/ER_0.66/ER_0.66_19.apx,	51,1,True,51,414,0,1,True,51,414,0
exp1/ER_0.66/ER_0.66_35.apx,	51,1,True,51,390,0,1,True,51,390,0
exp1/ER_0.66/ER_0.66_33.apx,	51,1,True,51,417,0,1,True,51,417,0
exp1/ER_0.66/ER_0.66_29.apx,	51,2,True,40,407,3,2,True,40,407,3
exp1/ER_0.66/ER_0.66_34.apx,	51,1,True,51,424,0,1,True,51,424,0
exp1/ER_0.66/ER_0.66_1.apx,	51,1,True,51,448,0,1,True,51,448,0
exp1/ER_0.66/ER_0.66_40.apx,	51,1,True,51,432,0,1,True,51,432,0
exp1/ER_0.66/ER_0.66_28.apx,	51,1,True,51,438,0,1,True,51,438,0
exp1/ER_0.66/ER_0.66_32.apx,	51,1,True,51,408,0,1,True,51,408,0
exp1/ER_0.66/ER_0.66_2.apx,	51,1,True,51,435,0,1,True,51,435,0
exp1/ER_0.66/ER_0.66_5.apx,	51,1,True,51,448,0,1,True,51,448,0
exp1/ER_0.66/ER_0.66_6.apx,	51,1,True,45,416,0,1,True,45,416,0
exp1/ER_0.66/ER_0.66_27.apx,	51,1,True,51,427,0,1,True,51,427,0
exp1/ER_0.66/ER_0.66_31.apx,	51,1,True,51,426,0,1,True,51,426,0
exp1/ER_0.66/ER_0.66_4.apx,	51,1,True,51,429,0,1,True,51,429,0
exp1/ER_0.66/ER_0.66_38.apx,	51,1,True,51,454,0,1,True,51,454,0
exp1/ER_0.66/ER_0.66_8.apx,	51,1,True,51,449,0,1,True,51,449,0
exp1/ER_0.66/ER_0.66_25.apx,	51,1,True,51,450,0,1,True,51,450,0
exp1/ER_0.66/ER_0.66_12.apx,	51,1,True,51,399,0,1,True,51,399,0
exp1/ER_0.66/ER_0.66_10.apx,	51,1,True,51,433,0,1,True,51,433,0
exp1/ER_0.66/ER_0.66_23.apx,	51,1,True,51,437,0,1,True,51,437,0
exp1/ER_0.66/ER_0.66_11.apx,	51,1,True,51,455,0,1,True,51,455,0
exp1/BA_0.5/BA_0.5_9.apx,	51,216,True,4,173,4,216,True,4,173,4
exp1/BA_0.5/BA_0.5_6.apx,	51,80,True,13,535,2,80,True,13,535,2
exp1/BA_0.5/BA_0.5_27.apx,	51,128,True,10,428,0,128,True,10,428,0
exp1/BA_0.5/BA_0.5_14.apx,	51,24,True,8,338,0,24,True,8,338,0
exp1/BA_0.5/BA_0.5_39.apx,	51,16,True,8,330,0,16,True,8,330,0
exp1/BA_0.5/BA_0.5_30.apx,	51,192,True,8,341,2,192,True,8,341,2
exp1/BA_0.5/BA_0.5_13.apx,	51,32,True,8,335,2,32,True,8,335,2
exp1/BA_0.5/BA_0.5_31.apx,	51,272,True,7,307,4,272,True,7,307,4
exp1/BA_0.5/BA_0.5_1.apx,	51,128,True,7,299,3,128,True,7,299,3
exp1/BA_0.5/BA_0.5_35.apx,	51,36,True,10,436,12,36,True,10,436,12
exp1/BA_0.5/BA_0.5_25.apx,	51,120,True,7,299,3,120,True,7,299,3
exp1/BA_0.5/BA_0.5_38.apx,	51,112,True,8,357,9,112,True,8,357,9
exp1/BA_0.5/BA_0.5_32.apx,	51,128,True,9,373,0,128,True,9,373,0
exp1/BA_0.5/BA_0.5_34.apx,	51,288,True,9,382,0,288,True,9,382,0
exp1/BA_0.5/BA_0.5_37.apx,	51,6,True,8,330,0,6,True,8,330,0
exp1/BA_0.5/BA_0.5_20.apx,	51,72,True,7,299,3,72,True,7,299,3
exp1/BA_0.5/BA_0.5_7.apx,	51,168,True,9,386,0,168,True,9,386,0
exp1/BA_0.5/BA_0.5_17.apx,	51,128,True,10,419,0,128,True,10,419,0
exp1/BA_0.5/BA_0.5_3.apx,	51,100,True,7,296,1,100,True,7,296,1
exp1/BA_0.5/BA_0.5_2.apx,	51,96,True,7,293,1,96,True,7,293,1
exp1/BA_0.5/BA_0.5_36.apx,	51,98,True,8,349,7,98,True,8,349,7
exp1/BA_0.5/BA_0.5_24.apx,	51,368,True,7,313,6,368,True,7,313,6
exp1/BA_0.5/BA_0.5_16.apx,	51,40,True,6,251,2,40,True,6,251,2
exp1/BA_0.5/BA_0.5_26.apx,	51,24,True,10,416,0,24,True,10,416,0
exp1/BA_0.5/BA_0.5_11.apx,	51,108,True,8,341,0,108,True,8,341,0
exp1/BA_0.5/BA_0.5_8.apx,	51,64,True,9,380,3,64,True,9,380,3
exp1/BA_0.5/BA_0.5_12.apx,	51,128,True,10,436,9,128,True,10,436,9
exp1/BA_0.5/BA_0.5_15.apx,	51,288,True,7,297,1,288,True,7,297,1
exp1/BA_0.5/BA_0.5_21.apx,	51,16,True,8,328,0,16,True,8,328,0
exp1/BA_0.5/BA_0.5_4.apx,	51,192,True,6,261,6,192,True,6,261,6
exp1/BA_0.5/BA_0.5_29.apx,	51,16,True,9,372,0,16,True,9,372,0
exp1/BA_0.5/BA_0.5_5.apx,	51,576,True,7,302,4,576,True,7,302,4
exp1/BA_0.5/BA_0.5_23.apx,	51,256,True,6,251,0,256,True,6,251,0
exp1/BA_0.5/BA_0.5_22.apx,	51,144,True,6,257,0,144,True,6,257,0
exp1/BA_0.5/BA_0.5_18.apx,	51,1152,True,5,212,1,1152,True,5,212,1
exp1/BA_0.5/BA_0.5_19.apx,	51,64,True,6,250,1,64,True,6,250,1
exp1/BA_0.5/BA_0.5_33.apx,	51,64,True,8,340,3,64,True,8,340,3
exp1/BA_0.5/BA_0.5_40.apx,	51,216,True,4,176,7,216,True,4,176,7
exp1/BA_0.5/BA_0.5_10.apx,	51,6,True,14,565,1,6,True,14,565,1
exp1/BA_0.5/BA_0.5_28.apx,	51,288,True,8,373,24,288,True,8,373,24
frame,args,prf Extensions,prf Tight,prf Rejected Arguments,prf Implicit Conflicts,prf Implicit Conflicts not Rejected,sem Extensions,sem Tight,sem Rejected Arguments,sem Implicit Conflicts,sem Implicit Conflicts not Rejected
exp1b/ER_0.05/ER_0.05_36.apx,	51,1,True,24,863,0,1,True,24,863,0
exp1b/ER_0.05/ER_0.05_22.apx,	51,1,True,25,883,0,1,True,25,883,0
exp1b/ER_0.05/ER_0.05_34.apx,	51,1,True,25,882,0,1,True,25,882,0
exp1b/ER_0.05/ER_0.05_40.apx,	51,1,True,22,817,0,1,True,22,817,0
exp1b/ER_0.05/ER_0.05_17.apx,	51,1,True,25,877,0,1,True,25,877,0
exp1b/ER_0.05/ER_0.05_21.apx,	51,1,True,27,928,0,1,True,27,928,0
exp1b/ER_0.05/ER_0.05_25.apx,	51,1,True,23,825,0,1,True,23,825,0
exp1b/ER_0.05/ER_0.05_10.apx,	51,1,True,25,887,0,1,True,25,887,0
exp1b/ER_0.05/ER_0.05_18.apx,	51,1,True,25,889,0,1,True,25,889,0
exp1b/ER_0.05/ER_0.05_29.apx,	51,1,True,33,1052,0,1,True,33,1052,0
exp1b/ER_0.05/ER_0.05_7.apx,	51,1,True,26,902,0,1,True,26,902,0
exp1b/ER_0.05/ER_0.05_3.apx,	51,1,True,20,752,0,1,True,20,752,0
exp1b/ER_0.05/ER_0.05_6.apx,	51,1,True,27,936,0,1,True,27,936,0
exp1b/ER_0.05/ER_0.05_8.apx,	51,1,True,22,810,0,1,True,22,810,0
exp1b/ER_0.05/ER_0.05_16.apx,	51,1,True,19,729,0,1,True,19,729,0
exp1b/ER_0.05/ER_0.05_37.apx,	51,1,True,29,970,0,1,True,29,970,0
exp1b/ER_0.05/ER_0.05_13.apx,	51,1,True,27,931,0,1,True,27,931,0
exp1b/ER_0.05/ER_0.05_19.apx,	51,1,True,25,874,0,1,True,25,874,0
exp1b/ER_0.05/ER_0.05_11.apx,	51,1,True,25,885,0,1,True,25,885,0
exp1b/ER_0.05/ER_0.05_38.apx,	51,1,True,28,962,0,1,True,28,962,0
exp1b/ER_0.05/ER_0.05_5.apx,	51,1,True,24,867,0,1,True,24,867,0
exp1b/ER_0.05/ER_0.05_33.apx,	51,1,True,24,866,0,1,True,24,866,0
exp1b/ER_0.05/ER_0.05_2.apx,	51,2,True,24,866,0,2,True,24,866,0
exp1b/ER_0.05/ER_0.05_9.apx,	51,1,True,27,932,0,1,True,27,932,0
exp1b/ER_0.05/ER_0.05_1.apx,	51,1,True,29,989,0,1,True,29,989,0
exp1b/ER_0.05/ER_0.05_24.apx,	51,2,True,20,775,23,2,True,20,775,23
exp1b/ER_0.05/ER_0.05_12.apx,	51,1,True,25,887,0,1,True,25,887,0
exp1b/ER_0.05/ER_0.05_31.apx,	51,1,True,24,854,0,1,True,24,854,0
exp1b/ER_0.05/ER_0.05_30.apx,	51,1,True,27,929,0,1,True,27,929,0
exp1b/ER_0.05/ER_0.05_28.apx,	51,1,True,26,911,0,1,True,26,911,0
exp1b/ER_0.05/ER_0.05_23.apx,	51,1,True,29,973,0,1,True,29,973,0
exp1b/ER_0.05/ER_0.05_27.apx,	51,1,True,25,877,0,1,True,25,877,0
exp1b/ER_0.05/ER_0.05_4.apx,	51,1,True,24,865,0,1,True,24,865,0
exp1b/ER_0.05/ER_0.05_14.apx,	51,1,True,25,888,0,1,True,25,888,0
exp1b/ER_0.05/ER_0.05_35.apx,	51,1,True,23,844,0,1,True,23,844,0
exp1b/ER_0.05/ER_0.05_39.apx,	51,1,True,25,884,0,1,True,25,884,0
exp1b/ER_0.05/ER_0.05_15.apx,	51,1,True,22,806,0,1,True,22,806,0
exp1b/ER_0.05/ER_0.05_26.apx,	51,1,True,23,833,0,1,True,23,833,0
exp1b/ER_0.05/ER_0.05_20.apx,	51,1,True,26,918,0,1,True,26,918,0
exp1b/ER_0.05/ER_0.05_32.apx,	51,1,True,22,810,0,1,True,22,810,0
exp1b/ER_0.033/ER_0.033_39.apx,	51,1,True,18,714,0,1,True,18,714,0
exp1b/ER_0.033/ER_0.033_21.apx,	51,1,True,20,768,0,1,True,20,768,0
exp1b/ER_0.033/ER_0.033_26.apx,	51,1,True,19,747,0,1,True,19,747,0
exp1b/ER_0.033/ER_0.033_1.apx,	51,1,True,17,678,0,1,True,17,678,0
exp1b/ER_0.033/ER_0.033_38.apx,	51,1,True,18,715,0,1,True,18,715,0
exp1b/ER_0.033/ER_0.033_34.apx,	51,1,True,22,822,0,1,True,22,822,0
exp1b/ER_0.033/ER_0.033_3.apx,	51,1,True,26,924,0,1,True,26,924,0
exp1b/ER_0.033/ER_0.033_16.apx,	51,1,True,18,706,0,1,True,18,706,0
exp1b/ER_0.033/ER_0.033_13.apx,	51,1,True,23,848,0,1,True,23,848,0
exp1b/ER_0.033/ER_0.033_5.apx,	51,1,True,18,708,0,1,True,18,708,0
exp1b/ER_0.033/ER_0.033_14.apx,	51,1,True,22,822,0,1,True,22,822,0
exp1b/ER_0.033/ER_0.033_29.apx,	51,1,True,23,842,0,1,True,23,842,0
exp1b/ER_0.033/ER_0.033_33.apx,	51,1,True,20,772,0,1,True,20,772,0
exp1b/ER_0.033/ER_0.033_32.apx,	51,1,True,19,738,0,1,True,19,738,0
exp1b/ER_0.033/ER_0.033_15.apx,	51,1,True,19,743,0,1,True,19,743,0
exp1b/ER_0.033/ER_0.033_23.apx,	51,1,True,20,769,0,1,True,20,769,0
exp1b/ER_0.033/ER_0.033_11.apx,	51,1,True,18,712,0,1,True,18,712,0
exp1b/ER_0.033/ER_0.033_20.apx,	51,1,True,24,880,0,1,True,24,880,0
exp1b/ER_0.033/ER_0.033_17.apx,	51,1,True,21,800,0,1,True,21,800,0
exp1b/ER_0.033/ER_0.033_19.apx,	51,1,True,18,713,0,1,True,18,713,0
exp1b/ER_0.033/ER_0.033_30.apx,	51,1,True,22,825,0,1,True,22,825,0
exp1b/ER_0.033/ER_0.033_37.apx,	51,1,True,23,851,0,1,True,23,851,0
exp1b/ER_0.033/ER_0.033_24.apx,	51,1,True,20,766,0,1,True,20,766,0
exp1b/ER_0.033/ER_0.033_31.apx,	51,1,True,24,870,0,1,True,24,870,0
exp1b/ER_0.033/ER_0.033_22.apx,	51,1,True,21,794,0,1,True,21,794,0
exp1b/ER_0.033/ER_0.033_10.apx,	51,1,True,20,769,0,1,True,20,769,0
exp1b/ER_0.033/ER_0.033_35.apx,	51,1,True,18,709,0,1,True,18,709,0
exp1b/ER_0.033/ER_0.033_6.apx,	51,1,True,22,831,0,1,True,22,831,0
exp1b/ER_0.033/ER_0.033_25.apx,	51,1,True,20,768,0,1,True,20,768,0
exp1b/ER_0.033/ER_0.033_8.apx,	51,1,True,22,824,0,1,True,22,824,0
exp1b/ER_0.033/ER_0.033_9.apx,	51,1,True,20,767,0,1,True,20,767,0
exp1b/ER_0.033/ER_0.033_7.apx,	51,1,True,18,714,0,1,True,18,714,0
exp1b/ER_0.033/ER_0.033_28.apx,	51,1,True,24,884,0,1,True,24,884,0
exp1b/ER_0.033/ER_0.033_40.apx,	51,1,True,18,704,0,1,True,18,704,0
exp1b/ER_0.033/ER_0.033_2.apx,	51,2,True,16,658,11,2,True,16,658,11
exp1b/ER_0.033/ER_0.033_36.apx,	51,1,True,23,856,0,1,True,23,856,0
exp1b/ER_0.033/ER_0.033_4.apx,	51,1,True,21,806,0,1,True,21,806,0
exp1b/ER_0.033/ER_0.033_18.apx,	51,1,True,23,842,0,1,True,23,842,0
exp1b/ER_0.033/ER_0.033_27.apx,	51,1,True,20,765,0,1,True,20,765,0
exp1b/ER_0.033/ER_0.033_12.apx,	51,1,True,18,715,0,1,True,18,715,0
exp1b/ER_0.066/ER_0.066_39.apx,	51,1,True,31,985,0,1,True,31,985,0
exp1b/ER_0.066/ER_0.066_15.apx,	51,1,True,33,1018,0,1,True,33,1018,0
exp1b/ER_0.066/ER_0.066_17.apx,	51,1,True,28,935,0,1,True,28,935,0
exp1b/ER_0.066/ER_0.066_30.apx,	51,1,True,30,966,0,1,True,30,966,0
exp1b/ER_0.066/ER_0.066_40.apx,	51,1,True,28,921,0,1,True,28,921,0
exp1b/ER_0.066/ER_0.066_23.apx,	51,1,True,37,1091,0,1,True,37,1091,0
exp1b/ER_0.066/ER_0.066_5.apx,	51,2,True,21,810,33,2,True,21,810,33
exp1b/ER_0.066/ER_0.066_20.apx,	51,1,True,24,853,0,1,True,24,853,0
exp1b/ER_0.066/ER_0.066_34.apx,	51,1,True,26,888,0,1,True,26,888,0
exp1b/ER_0.066/ER_0.066_9.apx,	51,1,True,26,899,0,1,True,26,899,0
exp1b/ER_0.066/ER_0.066_14.apx,	51,1,True,32,1016,0,1,True,32,1016,0
exp1b/ER_0.066/ER_0.066_10.apx,	51,1,True,30,984,0,1,True,30,984,0
exp1b/ER_0.066/ER_0.066_37.apx,	51,1,True,28,942,0,1,True,28,942,0
exp1b/ER_0.066/ER_0.066_24.apx,	51,1,True,30,969,0,1,True,30,969,0
exp1b/ER_0.066/ER_0.066_29.apx,	51,1,True,31,992,0,1,True,31,992,0
exp1b/ER_0.066/ER_0.066_16.apx,	51,1,True,29,961,0,1,True,29,961,0
exp1b/ER_0.066/ER_0.066_18.apx,	51,1,True,32,1030,0,1,True,32,1030,0
exp1b/ER_0.066/ER_0.066_33.apx,	51,1,True,26,910,0,1,True,26,910,0
exp1b/ER_0.066/ER_0.066_22.apx,	51,1,True,28,945,0,1,True,28,945,0
exp1b/ER_0.066/ER_0.066_4.apx,	51,1,True,29,952,0,1,True,29,952,0
exp1b/ER_0.066/ER_0.066_7.apx,	51,1,True,31,986,0,1,True,31,986,0
exp1b/ER_0.066/ER_0.066_21.apx,	51,1,True,34,1056,0,1,True,34,1056,0
exp1b/ER_0.066/ER_0.066_36.apx,	51,1,True,26,896,0,1,True,26,896,0
exp1b/ER_0.066/ER_0.066_27.apx,	51,1,True,34,1060,0,1,True,34,1060,0
exp1b/ER_0.066/ER_0.066_6.apx,	51,1,True,26,896,0,1,True,26,896,0
exp1b/ER_0.066/ER_0.066_8.apx,	51,1,True,29,956,0,1,True,29,956,0
exp1b/ER_0.066/ER_0.066_28.apx,	51,1,True,27,924,0,1,True,27,924,0
exp1b/ER_0.066/ER_0.066_2.apx,	51,1,True,27,917,0,1,True,27,917,0
exp1b/ER_0.066/ER_0.066_11.apx,	51,1,True,29,954,0,1,True,29,954,0
exp1b/ER_0.066/ER_0.066_1.apx,	51,1,True,26,888,0,1,True,26,888,0
exp1b/ER_0.066/ER_0.066_19.apx,	51,1,True,27,933,0,1,True,27,933,0
exp1b/ER_0.066/ER_0.066_35.apx,	51,1,True,25,877,0,1,True,25,877,0
exp1b/ER_0.066/ER_0.066_3.apx,	51,1,True,44,1160,0,1,True,44,1160,0
exp1b/ER_0.066/ER_0.066_26.apx,	51,1,True,30,984,0,1,True,30,984,0
exp1b/ER_0.066/ER_0.066_32.apx,	51,3,True,19,761,47,3,True,19,761,47
exp1b/ER_0.066/ER_0.066_25.apx,	51,1,True,22,794,0,1,True,22,794,0
exp1b/ER_0.066/ER_0.066_12.apx,	51,1,True,28,945,0,1,True,28,945,0
exp1b/ER_0.066/ER_0.066_38.apx,	51,1,True,37,1090,0,1,True,37,1090,0
exp1b/ER_0.066/ER_0.066_31.apx,	51,1,True,29,952,0,1,True,29,952,0
exp1b/ER_0.066/ER_0.066_13.apx,	51,1,True,29,964,0,1,True,29,964,0
